nom_equipement,role,configuration,region_exploitation
PTN01659,C,7705-SARM,IDF
PTN02371,C,7705-SAR8,WST
PTN01086,B,7750-SR7,CTA
PTN00948,C,7705-SAR8,MED
PTN00949,C,7705-SAR8,NOE
PTN02060,C,7705-SARM,IDF
PTN02280,C,7705-SAR8,IDF
PTN02402,C,7705-SAR8,NOE
PTN00331,B,7750-SR7,CTA
PTN00039,B,7750-SR7,MED
PTN00902,B,7750-SR7,NOE
PTN00907,B,7750-SR7,WST
PTN00706,C,7705-SAR8,MED
PTN00558,B,7750-SR7,SWT
PTN02216,C,7705-SAR8,WST
PTN02335,B,7750-SR7,WST
PTN01126,C,7705-SAR8,CTA
PTN01111,C,7705-SAR8,CTA
PTN01548,C,7705-SARM,IDF
PTN01551,C,7705-SARM,MED
PTN01529,C,7705-SARM,IDF
PTN01475,C,7705-SAR8,WST
PTN01895,C,7705-SARM,IDF
PTN00182,B,7705-SAR18,CTA
PTN00550,AUCUN,7750-SR7,SWT
PTN00546,B,7750-SR7,NOE
PTN00419,C,7705-SAR8,SWT
PTN01458,B,7750-SR7,CTA
PTN01410,B,7750-SR7,SWT
PTN01366,C,7705-SAR8,MED
PTN02355,C,7705-SAR8,MED
PTN02029,C,7705-SARM,IDF
PTN01993,C,7705-SARM,WST
PTN01080,B,7750-SR7,SWT
PTN01474,C,7705-SAR8,WST
PTN02056,C,7705-SAR8,WST
PTN00593,C,7705-SAR8,WST
PTN01926,C,7705-SARM,IDF
PTN02154,C,7705-SARM,IDF
PTN01455,B,7750-SR7,CTA
PTN02023,C,7705-SAR8,WST
PTN02399,C,7705-SAR8,NOE
PTN01740,C,7705-SARM,IDF
PTN01499,C,7705-SAR8,IDF
PTN01483,C,7705-SAR8,CTA
PTN00024,A,7750-SR12,IDF
PTN01640,C,7705-SARM,IDF
PTN01559,C,7705-SARM,IDF
PTN00814,C,7705-SAR8,WST
PTN00742,C,7705-SAR8,SWT
PTN00710,C,7705-SAR8,WST
PTN00402,C,7705-SAR8,NOE
PTN01242,C,7705-SAR8,NOE
PTN00135,B,7750-SR7,MED
PTN01402,B,7750-SR7,WST
PTN01386,C,7705-SAR8,IDF
PTN01309,C,7705-SAR8,CTA
PTN01810,C,7705-SARM,MED
PTN01623,C,7705-SARM,IDF
PTN01537,C,7705-SARM,IDF
PTN02239,C,7705-SAR8,WST
PTN00323,B,7750-SR7,NOE
PTN00310,C,7705-SAR8,IDF
PTN02396,B,7705-SAR8,NOE
PTN00542,B,7750-SR7,MED
PTN02429,C,7705-SAR8,SWT
PTN01404,B,7750-SR7,WST
PTN01280,C,7705-SAR8,CTA
PTN01312,C,7705-SAR8,CTA
PTN02376,B,7750-SR7,WST
PTN01742,C,7705-SARM,IDF
PTN01581,C,7705-SARM,IDF
PTN00892,B,7750-SR7,MED
PTN00744,C,7705-SAR8,SWT
PTN00606,B,7750-SR7,WST
PTN01832,C,7705-SAR8,WST
PTN00916,B,7705-SAR18,CTA
PTN01744,C,7705-SARM,IDF
PTN00332,B,7750-SR7,CTA
PTN02278,C,7705-SAR8,CTA
PTN00211,B,7750-SR7,WST
PTN00369,C,7705-SAR8,MED
PTN02460,C,7705-SAR8,MED
PTN02452,C,7705-SAR8,MED
PTN02012,C,7705-SARM,IDF
PTN01842,C,7705-SAR8,WST
PTN00586,C,7705-SAR8,MED
PTN02222,C,7705-SAR8,WST
PTN01863,C,7705-SAR8,WST
PTN01177,C,7705-SAR8,IDF
PTN01122,C,7705-SAR8,NOE
PTN01614,C,7705-SARM,IDF
PTN01110,C,7705-SAR8,CTA
PTN02038,C,7705-SARM,IDF
PTN01913,C,7705-SAR8,IDF
PTN00354,B,7750-SR7,SWT
PTN02421,C,7705-SAR8,MED
PTN02412,C,7705-SAR8,SWT
PTN00921,B,7750-SR7,MED
PTN01307,C,7705-SAR8,MED
PTN02221,C,7705-SAR8,WST
PTN02456,C,7705-SAR8,SWT
PTN01530,C,7705-SARM,IDF
PTN01956,C,7705-SARM,IDF
PTN00464,C,7705-SAR8,IDF
PTN01317,C,7705-SAR8,IDF
PTN01361,C,7705-SAR8,WST
PTN02211,C,7705-SAR8,WST
PTN01875,C,7705-SAR8,WST
PTN00596,C,7705-SAR8,WST
PTN00282,B,7750-SR7,CTA
PTN01577,C,7705-SARM,SWT
PTN00972,B,7750-SR7,SWT
PTN00794,B,7750-SR7,SWT
PTN00730,C,7705-SAR8,NOE
PTN01854,C,7705-SAR8,CTA
PTN01760,C,7705-SAR8,WST
PTN01535,C,7705-SARM,IDF
PTN00060,B,7750-SR7,IDF
PTN00762,C,7705-SAR8,CTA
PTN00676,C,7705-SAR8,MED
PTN01725,B,7705-SAR8,CTA
PTN01185,C,7705-SAR8,NOE
PTN02027,C,7705-SARM,IDF
PTN01751,C,7705-SARM,IDF
PTN02407,B,7750-SR7,CTA
PTN01972,C,7705-SARM,IDF
PTN01959,C,7705-SARM,IDF
PTN01013,C,7705-SAR8,MED
PTN01492,C,7705-SARM,SWT
PTN02285,C,7705-SAR8,CTA
PTN00316,B,7750-SR7,NOE
PTN01939,C,7705-SARM,IDF
PTN02112,C,7705-SARM,IDF
PTN02151,C,7705-SARM,IDF
PTN00509,B,7750-SR7,WST
PTN00403,C,7705-SAR8,NOE
PTN01417,B,7705-SAR8,SWT
PTN01189,C,7705-SAR8,IDF
PTN01997,C,7705-SARM,MED
PTN01599,C,7705-SARM,IDF
PTN02294,C,7705-SAR8,CTA
PTN02030,C,7705-SARM,IDF
PTN01763,C,7705-SAR8,WST
PTN00028,B,7750-SR7,WST
PTN02349,C,7705-SAR8,NOE
PTN00990,C,7705-SAR8,SWT
PTN01768,C,7705-SARM,MED
PTN02299,C,7705-SAR8,WST
PTN00928,B,7750-SR7,IDF
PTN01571,C,7705-SAR8,MED
PTN01331,C,7705-SAR8,IDF
PTN01245,C,7705-SAR8,SWT
PTN00579,C,7705-SAR8,IDF
PTN00333,B,7750-SR7,CTA
PTN01166,C,7705-SAR8,SWT
PTN00897,B,7750-SR7,WST
PTN00943,C,7705-SAR8,NOE
PTN00504,B,7750-SR7,MED
PTN01438,B,7705-SAR8,CTA
PTN01775,C,7705-SAR8,WST
PTN02261,C,7705-SAR8,WST
PTN00290,B,7705-SAR18,CTA
PTN00059,A,7750-SR12,CTA
PTN00067,B,7750-SR7,CTA
PTN00037,B,7750-SR7,MED
PTN00812,A,7750-SR12,IDF
PTN00700,C,7705-SAR8,MED
PTN01219,C,7705-SAR8,SWT
PTN00193,B,7705-SAR18,IDF
PTN01947,C,7705-SARM,IDF
PTN01645,C,7705-SARM,IDF
PTN01591,C,7705-SARM,SWT
PTN00594,C,7705-SAR8,WST
PTN00275,C,7705-SAR18,IDF
PTN00293,B,7705-SAR18,CTA
PTN01063,C,7705-SAR8,NOE
PTN00671,C,7705-SAR8,MED
PTN02336,B,7750-SR7,WST
PTN02043,C,7705-SARM,IDF
PTN01620,C,7705-SARM,IDF
PTN02403,B,7750-SR7,CTA
PTN00189,B,7750-SR7,IDF
PTN02394,B,7750-SR7,SWT
PTN00443,C,7705-SAR8,SWT
PTN00516,C,7705-SAR8,NOE
PTN01344,C,7705-SAR8,MED
PTN01635,C,7705-SARM,IDF
PTN00712,C,7705-SAR8,CTA
PTN00081,B,7750-SR7,IDF
PTN01944,C,7705-SARM,IDF
PTN01613,C,7705-SARM,IDF
PTN01589,C,7705-SARM,SWT
PTN01573,C,7705-SARM,IDF
PTN00862,B,7705-SAR18,CTA
PTN00713,C,7705-SAR8,WST
PTN00456,C,7705-SAR8,SWT
PTN02049,C,7705-SAR8,WST
PTN00461,B,7750-SR7,MED
PTN00433,C,7705-SAR8,SWT
PTN00422,C,7705-SAR8,SWT
PTN01256,C,7705-SAR8,MED
PTN00670,C,7705-SAR8,SWT
PTN02065,C,7705-SARM,IDF
PTN00319,B,7750-SR7,NOE
PTN00063,B,7750-SR7,CTA
PTN00732,C,7705-SAR8,WST
PTN00517,C,7705-SAR8,NOE
PTN00508,B,7750-SR7,WST
PTN01430,B,7705-SAR8,NOE
PTN02209,C,7705-SAR8,IDF
PTN02366,C,7705-SAR8,SWT
PTN00050,B,7750-SR7,IDF
PTN00476,C,7705-SAR8,MED
PTN00944,B,7750-SR7,IDF
PTN00774,A,7750-SR12,IDF
PTN02183,C,7705-SAR8,WST
PTN02021,C,7705-SAR8,WST
PTN01678,C,7705-SAR8,IDF
PTN01670,C,7705-SARM,IDF
PTN01549,C,7705-SARM,IDF
PTN00540,B,7750-SR7,MED
PTN00340,B,7750-SR7,MED
PTN02436,C,7705-SAR8,MED
PTN01914,C,7705-SARM,IDF
PTN00642,C,7705-SAR8,MED
PTN00485,B,7750-SR7,WST
PTN01465,B,7705-SAR18,CTA
PTN02204,C,7705-SAR8,SWT
PTN01562,C,7705-SARM,IDF
PTN01546,C,7705-SARM,IDF
PTN01030,C,7705-SAR8,MED
PTN00108,B,7750-SR7,MED
PTN02032,C,7705-SARM,IDF
PTN00870,C,7705-SAR8,CTA
PTN00449,C,7705-SAR8,MED
PTN01314,C,7705-SAR8,CTA
PTN01877,C,7705-SAR8,WST
PTN01141,C,7705-SAR8,IDF
PTN02382,C,7705-SAR8,IDF
PTN00412,C,7705-SAR8,SWT
PTN00605,B,7705-SAR18,SWT
PTN00830,C,7705-SAR8,WST
PTN00746,C,7705-SAR8,IDF
PTN01231,C,7705-SAR8,NOE
PTN02332,C,7705-SAR8,SWT
PTN01750,C,7705-SARM,IDF
PTN01746,C,7705-SARM,IDF
PTN02035,C,7705-SARM,IDF
PTN01027,C,7705-SAR8,CTA
PTN01476,C,7705-SAR8,IDF
PTN02059,C,7705-SARM,IDF
PTN01903,C,7705-SARM,IDF
PTN02446,C,7705-SAR8,CTA
PTN00350,B,7750-SR7,SWT
PTN01706,C,7705-SARM,IDF
PTN01641,C,7705-SARM,IDF
PTN01055,C,7705-SAR8,MED
PTN01059,C,7705-SAR8,WST
PTN01732,B,7705-SAR8,SWT
PTN01299,C,7705-SAR8,CTA
PTN01800,C,7705-SAR8,NOE
PTN01154,C,7705-SAR8,NOE
PTN01769,C,7705-SARM,MED
PTN02076,C,7705-SAR8,IDF
PTN02054,C,7705-SAR8,CTA
PTN00283,B,7750-SR7,CTA
PTN00114,B,7750-SR7,MED
PTN00093,B,7750-SR7,MED
PTN00008,B,7750-SR7,IDF
PTN01980,C,7705-SARM,MED
PTN02015,C,7705-SARM,IDF
PTN01661,C,7705-SARM,IDF
PTN01510,C,7705-SARM,SWT
PTN00981,C,7705-SAR8,MED
PTN01467,C,7705-SAR8,IDF
PTN01338,C,7705-SAR8,CTA
PTN02203,C,7705-SAR8,SWT
PTN01213,C,7705-SAR8,MED
PTN00764,B,7750-SR7,WST
PTN01692,C,7705-SAR8,MED
PTN01806,C,7705-SARM,SWT
PTN01859,C,7705-SAR8,CTA
PTN02037,C,7705-SARM,IDF
PTN01638,C,7705-SARM,IDF
PTN00205,B,7750-SR7,NOE
PTN00303,C,7705-SAR8,IDF
PTN00351,B,7750-SR7,SWT
PTN02304,C,7705-SAR8,MED
PTN00315,B,7750-SR7,NOE
PTN00267,A,7750-SR12,SWT
PTN00260,B,7750-SR7,WST
PTN00389,C,7705-SARF,MED
PTN00091,B,7750-SR7,IDF
PTN02090,C,7705-SARM,IDF
PTN02079,C,7705-SARM,IDF
PTN01837,C,7705-SAR8,IDF
PTN00982,C,7705-SAR8,MED
PTN00971,C,7705-SAR8,MED
PTN00898,B,7750-SR7,NOE
PTN00855,B,7750-SR7,NOE
PTN07704,C,7705-SAR8,IDF
PTN01973,C,7705-SARM,IDF
PTN02467,C,7705-SAR8,MED
PTN00881,C,7705-SAR8,CTA
PTN00930,B,7750-SR7,SWT
PTN01419,B,7705-SAR8,SWT
PTN02223,C,7705-SAR8,WST
PTN00334,B,7750-SR7,WST
PTN00019,B,7750-SR7,IDF
PTN01739,C,7705-SARM,IDF
PTN01583,C,7705-SARM,IDF
PTN01565,C,7705-SARM,IDF
PTN02034,C,7705-SARM,IDF
PTN01042,C,7705-SAR8,IDF
PTN01046,C,7705-SAR8,IDF
PTN00875,C,7705-SAR8,CTA
PTN01965,C,7705-SARM,IDF
PTN02405,C,7705-SAR8,IDF
PTN02016,C,7705-SARM,IDF
PTN00923,B,7750-SR7,SWT
PTN00912,B,7750-SR7,CTA
PTN00836,B,7750-SR7,NOE
PTN00425,C,7705-SAR8,SWT
PTN01228,C,7705-SAR8,CTA
PTN02208,C,7705-SAR8,IDF
PTN01807,C,7705-SAR8,WST
PTN00326,B,7750-SR7,NOE
PTN00304,C,7705-SAR8,IDF
PTN00226,B,7750-SR7,NOE
PTN02057,C,7705-SAR8,IDF
PTN02463,B,7750-SR7,CTA
PTN00252,A,7750-SR12,NOE
PTN01688,C,7705-SARM,IDF
PTN01169,C,7705-SAR8,WST
PTN01734,C,7705-SARM,IDF
PTN01564,C,7705-SARM,IDF
PTN01511,C,7705-SARM,IDF
PTN01036,C,7705-SAR8,MED
PTN00665,B,7750-SR7,WST
PTN00555,C,7705-SAR8,NOE
PTN01463,B,7705-SAR8,SWT
PTN01851,C,7705-SAR8,CTA
PTN01226,B,7750-SR7,IDF
PTN02020,C,7705-SAR8,WST
PTN01791,C,7705-SAR8,CTA
PTN01490,C,7705-SARM,SWT
PTN00584,C,7705-SAR8,IDF
PTN00082,B,7750-SR7,IDF
PTN00064,B,7750-SR7,CTA
PTN00539,C,7705-SAR8,MED
PTN00264,B,7750-SR7,SWT
PTN00215,B,7750-SR7,WST
PTN00136,B,7750-SR7,MED
PTN01824,C,7705-SAR8,SWT
PTN00839,C,7705-SAR8,IDF
PTN00819,B,7750-SR7,IDF
PTN01263,C,7705-SAR8,CTA
PTN01335,C,7705-SAR8,IDF
PTN02195,C,7705-SAR8,IDF
PTN01215,C,7705-SAR8,IDF
PTN01979,C,7705-SARM,MED
PTN00847,C,7705-SAR8,NOE
PTN00697,C,7705-SAR8,SWT
PTN00798,C,7705-SAR8,CTA
PTN00469,B,7750-SR7,MED
PTN01385,C,7705-SAR8,IDF
PTN01802,C,7705-SAR8,NOE
PTN02022,C,7705-SARM,SWT
PTN01557,C,7705-SARM,IDF
PTN01507,C,7705-SARM,MED
PTN02157,C,7705-SARM,IDF
PTN02099,C,7705-SARM,IDF
PTN00240,B,7750-SR7,SWT
PTN01771,C,7705-SARM,IDF
PTN01482,C,7705-SAR8,MED
PTN02342,C,7705-SAR8,IDF
PTN00599,C,7705-SAR8,WST
PTN00124,B,7750-SR7,IDF
PTN02435,C,7705-SAR8,MED
PTN01720,C,7705-SARM,IDF
PTN01687,C,7705-SARM,IDF
PTN01574,C,7705-SARM,IDF
PTN00424,C,7705-SAR8,SWT
PTN01137,C,7705-SAR8,CTA
PTN01113,C,7705-SAR8,WST
PTN01975,C,7705-SARM,IDF
PTN02451,C,7705-SAR8,MED
PTN_5620SAM_LTO,,SRV Generique HSI,IDF
PTN00816,C,7705-SAR8,WST
PTN00749,C,7705-SAR8,WST
PTN01209,C,7705-SAR8,WST
PTN01726,B,7750-SR7,CTA
PTN02249,C,7705-SAR8,IDF
PTN01907,C,7705-SAR8,WST
PTN00214,B,7750-SR7,WST
PTN00206,B,7750-SR7,NOE
PTN00145,B,7750-SR7,IDF
PTN01935,C,7705-SARM,IDF
PTN02116,C,7705-SARM,IDF
PTN01578,C,7705-SARM,SWT
PTN01841,C,7705-SAR8,WST
PTN01770,C,7705-SARM,IDF
PTN02303,C,7705-SAR8,IDF
PTN02242,C,7705-SAR8,WST
PTN00092,B,7750-SR7,IDF
PTN00099,B,7750-SR7,MED
PTN01325,C,7705-SAR8,MED
PTN01127,C,7705-SAR8,MED
PTN01704,C,7705-SARM,IDF
PTN01622,C,7705-SARM,IDF
PTN02379,B,7750-SR7,SWT
PTN00938,B,7750-SR7,CTA
PTN00820,B,7750-SR7,WST
PTN00807,C,7705-SAR8,CTA
PTN00942,C,7705-SAR8,NOE
PTN01196,C,7705-SAR8,CTA
PTN00258,A,7750-SR12,WST
PTN00849,B,7750-SR7,NOE
PTN02296,B,7750-SR7,WST
PTN00190,B,7705-SAR18,IDF
PTN01539,C,7705-SARM,IDF
PTN01978,C,7705-SARM,MED
PTN00933,C,7705-SAR8,NOE
PTN00654,C,7705-SAR8,NOE
PTN00567,B,7750-SR7,CTA
PTN00482,B,7750-SR7,WST
PTN01277,C,7705-SAR8,IDF
PTN01336,C,7705-SAR8,CTA
PTN01889,C,7705-SAR8,WST
PTN01691,C,7705-SARM,IDF
PTN01049,C,7705-SARM,SWT
PTN01024,C,7705-SAR8,SWT
PTN00989,C,7705-SAR8,SWT
PTN00973,B,7750-SR7,SWT
PTN00926,C,7705-SAR8,CTA
PTN02197,C,7705-SAR8,MED
PTN02160,C,7705-SARM,IDF
PTN01172,C,7705-SAR8,MED
PTN00053,B,7750-SR7,IDF
PTN00013,B,7750-SR7,IDF
PTN00591,C,7705-SAR8,WST
PTN00311,C,7705-SAR8,CTA
PTN02424,C,7705-SAR8,SWT
PTN01079,B,7750-SR7,NOE
PTN01976,C,7705-SARM,IDF
PTN00465,C,7705-SAR8,WST
PTN00851,B,7750-SR7,NOE
PTN00801,C,7705-SAR8,CTA
PTN00450,C,7705-SAR8,MED
PTN00418,C,7705-SAR8,SWT
PTN02193,C,7705-SAR8,SWT
PTN01142,C,7705-SAR8,IDF
PTN02409,C,7705-SAR8,MED
PTN02386,C,7705-SAR8,MED
PTN00600,C,7705-SAR8,IDF
PTN00543,B,7750-SR7,MED
PTN00085,B,7750-SR7,IDF
PTN02422,C,7705-SAR8,MED
PTN01652,C,7705-SARM,IDF
PTN00970,C,7705-SAR8,MED
PTN00441,A,7750-SR12,IDF
PTN00497,C,7705-SAR8,SWT
PTN01254,C,7705-SAR8,MED
PTN02215,C,7705-SARM,MED
PTN02205,C,7705-SAR8,SWT
PTN01037,C,7705-SAR8,IDF
PTN01021,C,7705-SAR8,MED
PTN01538,C,7705-SARM,IDF
PTN02266,C,7705-SAR8,IDF
PTN00627,C,7705-SAR8,CTA
PTN00685,B,7750-SR7,CTA
PTN00478,A,7750-SR12,SWT
PTN01441,B,7705-SAR8,CTA
PTN01347,C,7705-SAR8,IDF
PTN01793,C,7705-SARM,IDF
PTN00573,C,7705-SAR8,IDF
PTN00571,C,7705-SAR8,IDF
PTN00255,A,7750-SR12,SWT
PTN02155,C,7705-SARM,IDF
PTN02433,C,7705-SAR8,WST
PTN01955,C,7705-SARM,IDF
PTN02139,C,7705-SARM,IDF
PTN02100,C,7705-SARM,IDF
PTN01748,C,7705-SARM,IDF
PTN01713,C,7705-SARM,IDF
PTN01516,C,7705-SARM,IDF
PTN00666,B,7750-SR7,WST
PTN00472,C,7705-SAR8,IDF
PTN01259,C,7705-SAR8,CTA
PTN01801,C,7705-SAR8,CTA
PTN01112,C,7705-SAR8,NOE
PTN01785,C,7705-SARM,IDF
PTN00278,B,7750-SR7,MED
PTN02325,C,7705-SAR8,WST
PTN02264,C,7705-SAR8,WST
PTN02469,C,7705-SAR8,MED
PTN01669,C,7705-SARM,IDF
PTN00896,B,7750-SR7,WST
PTN01382,C,7705-SAR8,IDF
PTN01284,C,7705-SAR8,CTA
PTN01353,C,7705-SAR8,MED
PTN00194,C,7705-SAR8,IDF
PTN02104,C,7705-SAR8,MED
PTN01138,C,7705-SAR8,MED
PTN02184,C,7705-SAR8,WST
PTN02088,C,7705-SARM,IDF
PTN01575,C,7705-SARM,IDF
PTN01833,C,7705-SAR8,IDF
PTN02036,C,7705-SARM,IDF
PTN01067,C,7705-SAR8,IDF
PTN01761,C,7705-SAR8,WST
PTN00937,B,7750-SR7,CTA
PTN00448,B,7750-SR7,MED
PTN00106,B,7750-SR7,MED
PTN02427,C,7705-SAR8,IDF
PTN02058,C,7705-SAR8,WST
PTN00312,C,7705-SAR8,CTA
PTN00201,B,7750-SR7,NOE
PTN00017,B,7750-SR7,IDF
PTN00073,A,7750-SR12,IDF
PTN01515,C,7705-SARM,IDF
PTN00813,A,7750-SR12,IDF
PTN01443,B,7750-SR7,CTA
PTN01391,C,7705-SAR8,IDF
PTN01311,C,7705-SAR8,CTA
PTN01257,C,7705-SAR8,MED
PTN02218,C,7705-SAR8,WST
PTN01587,C,7705-SARM,IDF
PTN01069,C,7705-SAR8,IDF
PTN01068,C,7705-SAR8,IDF
PTN00500,C,7705-SAR8,MED
PTN02115,C,7705-SARM,IDF
PTN02418,C,7705-SAR8,MED
PTN00342,B,7750-SR7,MED
PTN01786,C,7705-SARM,IDF
PTN02329,C,7705-SAR8,WST
PTN02271,C,7705-SAR8,WST
PTN00249,B,7750-SR7,WST
PTN00125,B,7750-SR7,IDF
PTN01695,C,7705-SARM,IDF
PTN01034,C,7705-SAR8,IDF
PTN02159,C,7705-SARM,IDF
PTN00743,C,7705-SAR8,NOE
PTN00775,C,7705-SAR8,IDF
PTN00505,C,7705-SAR8,CTA
PTN00802,C,7705-SAR8,CTA
PTN01418,B,7705-SAR8,SWT
PTN01381,C,7705-SAR8,IDF
PTN01846,C,7705-SAR8,WST
PTN00628,C,7705-SAR8,CTA
PTN00927,B,7750-SR7,SWT
PTN00818,C,7705-SAR8,WST
PTN00530,C,7705-SAR8,NOE
PTN01365,C,7705-SAR8,IDF
PTN01360,C,7705-SAR8,WST
PTN01708,C,7705-SARM,IDF
PTN01615,C,7705-SARM,IDF
PTN01560,C,7705-SARM,IDF
PTN00678,B,7750-SR7,SWT
PTN00650,B,7750-SR7,MED
PTN00524,C,7705-SAR8,NOE
PTN00528,C,7705-SAR8,NOE
PTN00559,B,7750-SR7,SWT
PTN01409,B,7705-SAR8,WST
PTN01383,C,7705-SAR8,IDF
PTN01373,C,7705-SAR8,MED
PTN02358,C,7705-SAR8,SWT
PTN01214,C,7705-SAR8,MED
PTN09999,C,7705-SAR8,NOE
PTN02140,C,7705-SARM,IDF
PTN02110,C,7705-SARM,IDF
PTN01701,C,7705-SAR8,CTA
PTN01693,C,7705-SARM,IDF
PTN00984,C,7705-SAR8,MED
PTN00247,B,7750-SR7,WST
PTN01963,C,7705-SAR8,CTA
PTN01916,C,7705-SARM,IDF
PTN02101,C,7705-SARM,IDF
PTN00831,C,7705-SAR8,WST
PTN00698,C,7705-SAR8,SWT
PTN00761,B,7750-SR7,CTA
PTN00439,C,7705-SAR8,SWT
PTN02047,C,7705-SARM,IDF
PTN01709,C,7705-SARM,IDF
PTN01520,C,7705-SARM,IDF
PTN02432,C,7705-SAR8,WST
PTN01005,C,7705-SAR8,CTA
PTN00279,B,7750-SR7,MED
PTN00626,C,7705-SAR8,IDF
PTN02128,C,7705-SARM,IDF
PTN02385,B,7750-SR7,WST
PTN00188,B,7750-SR7,IDF
PTN00292,B,7705-SAR18,CTA
PTN01700,C,7705-SARM,IDF
PTN01594,C,7705-SARM,IDF
PTN01057,C,7705-SAR8,MED
PTN02316,C,7705-SAR8,WST
PTN02377,B,7750-SR7,WST
PTN02253,C,7705-SAR8,WST
PTN00770,B,7750-SR7,NOE
PTN00431,C,7705-SAR8,SWT
PTN02367,B,7750-SR7,SWT
PTN00595,C,7705-SAR8,WST
PTN00268,B,7750-SR7,SWT
PTN01970,C,7705-SARM,IDF
PTN02158,C,7705-SARM,IDF
PTN00829,C,7705-SAR8,WST
PTN01145,C,7705-SAR8,IDF
PTN01592,C,7705-SARM,SWT
PTN01566,C,7705-SARM,IDF
PTN01514,C,7705-SARM,IDF
PTN02468,C,7705-SAR8,MED
PTN02398,B,7705-SAR8,CTA
PTN02052,C,7705-SAR8,CTA
PTN00086,B,7750-SR7,IDF
PTN00061,B,7750-SR7,CTA
PTN00893,B,7750-SR7,MED
PTN00810,B,7750-SR7,SWT
PTN01462,B,7705-SAR18,IDF
PTN01433,B,7705-SAR8,NOE
PTN01282,C,7705-SAR8,CTA
PTN01119,C,7705-SAR8,NOE
PTN02138,C,7705-SARM,IDF
PTN01023,C,7705-SAR8,MED
PTN02283,B,7750-SR7,WST
PTN01901,C,7705-SARM,IDF
PTN02298,C,7705-SAR8,NOE
PTN00317,B,7750-SR7,NOE
PTN00272,B,7750-SR7,SWT
PTN00134,B,7750-SR7,MED
PTN01588,C,7705-SARM,IDF
PTN01072,C,7705-SAR8,MED
PTN01028,C,7705-SAR8,MED
PTN00693,C,7705-SAR8,CTA
PTN01411,B,7750-SR7,SWT
PTN01864,C,7705-SAR8,WST
PTN01847,C,7705-SAR8,CTA
PTN02055,C,7705-SARM,MED
PTN00102,B,7750-SR7,MED
PTN02417,C,7705-SAR8,MED
PTN02165,C,7705-SARM,IDF
PTN02011,C,7705-SAR8,MED
PTN00414,C,7705-SAR8,SWT
PTN00079,A,7750-SR12,MED
PTN01836,C,7705-SAR8,IDF
PTN01095,C,7705-SAR8,NOE
PTN01065,C,7705-SAR8,IDF
PTN00768,B,7750-SR7,NOE
PTN01468,C,7705-SAR8,IDF
PTN01229,C,7705-SAR8,CTA
PTN01884,C,7705-SAR8,MED
PTN01849,C,7705-SAR8,CTA
PTN01927,C,7705-SARM,IDF
PTN02131,C,7705-SARM,IDF
PTN01561,C,7705-SARM,IDF
PTN02248,B,7750-SR7,IDF
PTN00119,B,7750-SR7,CTA
PTN00834,C,7705-SAR8,NOE
PTN01291,C,7705-SAR8,IDF
PTN01495,C,7705-SAR8,WST
PTN01730,B,7705-SAR8,SWT
PTN02286,C,7705-SAR8,IDF
PTN01081,B,7750-SR7,WST
PTN02149,C,7705-SARM,IDF
PTN02063,C,7705-SARM,IDF
PTN00909,B,7750-SR7,CTA
PTN00682,B,7750-SR7,MED
PTN01352,C,7705-SAR8,IDF
PTN00669,C,7705-SAR8,WST
PTN01114,C,7705-SAR8,WST
PTN00569,C,7705-SAR8,IDF
PTN01631,C,7705-SARM,MED
PTN01555,C,7705-SARM,IDF
PTN01504,C,7705-SARM,MED
PTN00841,C,7705-SAR8,IDF
PTN00621,B,7750-SR7,NOE
PTN00416,C,7705-SAR8,SWT
PTN01099,C,7705-SAR8,WST
PTN01896,C,7705-SAR8,SWT
PTN00320,B,7750-SR7,NOE
PTN00227,B,7750-SR7,WST
PTN00116,A,7750-SR12,CTA
PTN01075,B,7750-SR7,IDF
PTN01007,C,7705-SAR8,SWT
PTN01924,C,7705-SARM,IDF
PTN02190,C,7705-SAR8,SWT
PTN01897,C,7705-SARM,IDF
PTN01290,C,7705-SAR8,CTA
PTN01224,C,7705-SAR8,SWT
PTN02000,C,7705-SAR8,WST
PTN00724,C,7705-SAR8,WST
PTN00549,B,7750-SR7,SWT
PTN00488,B,7750-SR7,WST
PTN00421,C,7705-SAR8,SWT
PTN02018,C,7705-SAR8,WST
PTN01632,C,7705-SARM,MED
PTN01821,C,7705-SARM,NOE
PTN02453,B,7750-SR7,SWT
PTN01929,C,7705-SAR8,MED
PTN00657,C,7705-SAR8,CTA
PTN00640,C,7705-SAR8,MED
PTN00463,B,7750-SR7,MED
PTN01354,C,7705-SAR8,MED
PTN01340,C,7705-SAR8,WST
PTN01320,C,7705-SAR8,IDF
PTN02404,C,7705-SAR8,WST
PTN00395,C,7705-SARF,IDF
PTN01628,C,7705-SARM,MED
PTN01550,C,7705-SARM,IDF
PTN02372,C,7705-SAR8,WST
PTN00931,B,7750-SR7,SWT
PTN00825,B,7750-SR7,WST
PTN00780,C,7705-SAR8,NOE
PTN00564,B,7750-SR7,SWT
PTN01808,C,7705-SARM,MED
PTN00598,C,7705-SAR8,WST
PTN00271,B,7750-SR7,SWT
PTN02459,C,7705-SAR8,CTA
PTN02001,C,7705-SAR8,WST
PTN00766,B,7750-SR7,WST
PTN00805,C,7705-SAR8,IDF
PTN00587,C,7705-SAR8,IDF
PTN01346,C,7705-SAR8,IDF
PTN01803,C,7705-SAR8,CTA
PTN01120,C,7705-SAR8,NOE
PTN02408,C,7705-SAR8,SWT
PTN01497,C,7705-SAR8,CTA
PTN01941,C,7705-SARM,IDF
PTN00986,C,7705-SAR8,MED
PTN00197,A,7750-SR12,NOE
PTN02136,C,7705-SARM,IDF
PTN00308,B,7705-SAR18,CTA
PTN01544,C,7705-SARM,IDF
PTN01525,C,7705-SARM,IDF
PTN00900,B,7750-SR7,WST
PTN01454,B,7705-SAR8,IDF
PTN01388,C,7705-SAR8,IDF
PTN01289,C,7705-SAR8,CTA
PTN02270,C,7705-SAR8,IDF
PTN01108,C,7705-SAR8,WST
PTN01988,C,7705-SAR8,WST
PTN01784,C,7705-SARM,IDF
PTN01489,C,7705-SARM,IDF
PTN02053,C,7705-SAR8,CTA
PTN02272,C,7705-SAR8,IDF
PTN00572,C,7705-SAR8,IDF
PTN00173,B,7705-SAR18,IDF
PTN00111,A,7750-SR12,MED
PTN00038,B,7750-SR7,MED
PTN00072,A,7750-SR12,IDF
PTN01648,C,7705-SARM,IDF
PTN00925,C,7705-SAR8,NOE
PTN00751,C,7705-SAR8,WST
PTN02163,C,7705-SARM,IDF
PTN01920,C,7705-SARM,IDF
PTN02182,C,7705-SAR8,IDF
PTN02177,C,7705-SAR8,IDF
PTN02144,C,7705-SARM,IDF
PTN00914,B,7750-SR7,CTA
PTN00837,C,7705-SAR8,CTA
PTN00776,C,7705-SAR8,SWT
PTN00759,B,7750-SR7,NOE
PTN00499,C,7705-SAR8,MED
PTN00462,B,7750-SR7,MED
PTN01759,C,7705-SAR8,WST
PTN01532,C,7705-SARM,MED
PTN00359,C,7705-SAR8,MED
PTN02428,B,7750-SR7,WST
PTN00656,C,7705-SAR8,NOE
PTN01387,C,7705-SAR8,CTA
PTN01349,C,7705-SAR8,MED
PTN01253,C,7705-SAR8,MED
PTN01865,B,7750-SR7,IDF
PTN01116,C,7705-SAR8,SWT
PTN02024,C,7705-SARM,IDF
PTN01999,C,7705-SAR8,WST
PTN01062,C,7705-SAR8,WST
PTN02392,C,7705-SAR8,WST
PTN00578,C,7705-SAR8,IDF
PTN00321,B,7750-SR7,NOE
PTN00198,B,7750-SR7,NOE
PTN00343,B,7750-SR7,MED
PTN00097,B,7750-SR7,MED
PTN01795,C,7705-SARM,IDF
PTN02228,C,7705-SAR8,WST
PTN01885,C,7705-SAR8,SWT
PTN01192,C,7705-SAR8,WST
PTN02026,C,7705-SARM,IDF
PTN01675,C,7705-SARM,SWT
PTN01644,C,7705-SARM,IDF
PTN01766,C,7705-SAR8,WST
PTN02073,C,7705-SAR8,WST
PTN01892,C,7705-SARM,IDF
PTN00604,B,7705-SAR18,SWT
PTN00052,B,7750-SR7,IDF
PTN01957,C,7705-SARM,IDF
PTN02174,C,7705-SAR8,WST
PTN00787,C,7705-SAR8,MED
PTN00554,C,7705-SAR8,IDF
PTN01397,C,7705-SAR8,IDF
PTN01260,C,7705-SAR8,IDF
PTN01125,C,7705-SAR8,NOE
PTN01593,C,7705-SARM,SWT
PTN01637,C,7705-SARM,IDF
PTN02384,C,7705-SAR8,IDF
PTN01473,C,7705-SAR8,IDF
PTN02251,C,7705-SAR8,WST
PTN00580,C,7705-SAR8,IDF
PTN00230,B,7750-SR7,WST
PTN00123,B,7750-SR7,IDF
PTN01754,C,7705-SAR8,WST
PTN01519,C,7705-SARM,IDF
PTN01509,C,7705-SARM,MED
PTN02360,B,7750-SR7,IDF
PTN00809,B,7750-SR7,SWT
PTN01279,C,7705-SAR8,IDF
PTN00274,B,7750-SR7,MED
PTN00012,B,7750-SR7,IDF
PTN01733,C,7705-SARM,IDF
PTN01612,C,7705-SARM,IDF
PTN00975,B,7750-SR7,SWT
PTN00644,B,7750-SR7,WST
PTN01722,B,7705-SAR8,CTA
PTN01460,B,7705-SAR8,MED
PTN00574,C,7705-SAR8,IDF
PTN02324,B,7750-SR7,IDF
PTN00233,C,7705-SAR8,CTA
PTN01636,C,7705-SARM,IDF
PTN02350,C,7705-SAR8,IDF
PTN02333,C,7705-SAR8,IDF
PTN00515,C,7705-SAR8,CTA
PTN00417,C,7705-SAR8,SWT
PTN01395,C,7705-SAR8,IDF
PTN01815,C,7705-SAR8,WST
PTN02331,C,7705-SAR8,MED
PTN01711,C,7705-SARM,IDF
PTN01987,C,7705-SAR8,WST
PTN01840,C,7705-SAR8,MED
PTN01045,C,7705-SAR8,CTA
PTN01767,C,7705-SAR8,CTA
PTN02265,C,7705-SAR8,IDF
PTN01921,C,7705-SARM,IDF
PTN00196,A,7750-SR12,NOE
PTN00071,A,7750-SR12,IDF
PTN00945,C,7705-SAR8,NOE
PTN00758,B,7750-SR7,NOE
PTN02201,B,7705-SAR8,MED
PTN01195,C,7705-SAR8,CTA
PTN02044,C,7705-SARM,IDF
PTN01915,C,7705-SARM,IDF
PTN02089,C,7705-SARM,IDF
PTN01582,C,7705-SARM,IDF
PTN01848,C,7705-SAR8,CTA
PTN00878,C,7705-SAR8,CTA
PTN01288,C,7705-SAR8,CTA
PTN01252,C,7705-SAR8,MED
PTN02214,C,7705-SARM,MED
PTN01188,C,7705-SAR8,IDF
PTN00345,B,7750-SR7,MED
PTN00090,B,7750-SR7,IDF
PTN00223,B,7750-SR7,NOE
PTN00251,A,7750-SR12,WST
PTN01300,C,7705-SAR8,CTA
PTN01819,C,7705-SAR8,WST
PTN01133,C,7705-SAR8,WST
PTN01151,C,7705-SAR8,SWT
PTN01762,C,7705-SAR8,SWT
PTN00545,B,7750-SR7,NOE
PTN00165,C,7705-SAR8,CTA
PTN00026,A,7750-SR12,WST
PTN01714,C,7705-SARM,IDF
PTN01663,C,7705-SARM,IDF
PTN02086,C,7705-SARM,IDF
PTN00718,C,7705-SAR8,MED
PTN02040,C,7705-SARM,IDF
PTN02046,C,7705-SARM,IDF
PTN02466,B,7750-SR7,MED
PTN00887,C,7705-SAR8,NOE
PTN00853,C,7705-SAR8,NOE
PTN00423,C,7705-SAR8,SWT
PTN02334,C,7705-SAR8,IDF
PTN01658,C,7705-SARM,IDF
PTN01664,C,7705-SARM,IDF
PTN01646,C,7705-SARM,IDF
PTN01496,C,7705-SARM,SWT
PTN00608,B,7750-SR7,WST
PTN02397,B,7705-SAR8,NOE
PTN00042,A,7750-SR12,MED
PTN00078,A,7750-SR12,MED
PTN02344,B,7750-SR7,CTA
PTN01954,C,7705-SARM,IDF
PTN02130,C,7705-SARM,IDF
PTN02085,C,7705-SARM,IDF
PTN01684,C,7705-SARM,IDF
PTN01844,C,7705-SARM,IDF
PTN00947,C,7705-SAR8,NOE
PTN00446,B,7750-SR7,MED
PTN01452,B,7750-SR7,MED
PTN02199,C,7705-SAR8,SWT
PTN_KVM_BKP,,SRV Generique HSI,IDF
PTN01898,C,7705-SAR8,SWT
PTN00217,A,7750-SR12,NOE
PTN00296,B,7750-SR7,CTA
PTN02343,B,7750-SR7,CTA
PTN02068,C,7705-SAR8,IDF
PTN00121,A,7750-SR12,CTA
PTN00048,B,7750-SR7,IDF
PTN00877,C,7705-SAR8,CTA
PTN00641,C,7705-SAR8,MED
PTN01721,B,7705-SAR18,CTA
PTN01486,C,7705-SAR8,MED
PTN02227,C,7705-SAR8,IDF
PTN02445,C,7705-SAR8,SWT
PTN00001,B,7750-SR7,IDF
PTN_5620SAM_DSK_BKP,,SRV Generique HSI,IDF
PTN01839,B,7750-SR7,IDF
PTN00614,C,7705-SAR8,WST
PTN01337,C,7705-SAR8,CTA
PTN01867,C,7705-SAR8,WST
PTN01480,C,7705-SAR8,WST
PTN02137,C,7705-SARM,IDF
PTN01699,C,7705-SARM,IDF
PTN01611,C,7705-SARM,IDF
PTN01826,C,7705-SAR8,SWT
PTN02450,C,7705-SAR8,MED
PTN00950,C,7705-SAR8,MED
PTN00495,C,7705-SAR8,CTA
PTN00483,B,7750-SR7,WST
PTN01318,C,7705-SAR8,MED
PTN01225,C,7705-SAR8,NOE
PTN01091,C,7705-SAR8,NOE
PTN00142,B,7750-SR7,MED
PTN00098,B,7750-SR7,MED
PTN00935,B,7750-SR7,SWT
PTN00658,C,7705-SAR8,CTA
PTN01905,C,7705-SAR8,WST
PTN01508,C,7705-SARM,MED
PTN01765,C,7705-SAR8,WST
PTN02310,C,7705-SAR8,IDF
PTN00209,A,7750-SR12,WST
PTN00760,B,7750-SR7,CTA
PTN00473,C,7705-SAR8,IDF
PTN01407,B,7750-SR7,WST
PTN99999,AUCUN,7750-SR7,IDF
PTN_KVM,,SRV Generique HSI,IDF
PTN01712,C,7705-SARM,IDF
PTN01540,C,7705-SARM,IDF
PTN02320,C,7705-SAR8,WST
PTN01491,C,7705-SARM,IDF
PTN00352,B,7750-SR7,SWT
PTN00083,B,7750-SR7,IDF
PTN00699,C,7705-SAR8,MED
PTN00552,C,7705-SAR8,NOE
PTN01240,C,7705-SAR8,IDF
PTN01186,C,7705-SAR8,IDF
PTN01831,C,7705-SAR8,WST
PTN01016,C,7705-SAR8,IDF
PTN02301,C,7705-SAR8,WST
PTN01950,C,7705-SARM,IDF
PTN00239,A,7750-SR12,SWT
PTN00890,B,7750-SR7,SWT
PTN00903,B,7750-SR7,NOE
PTN00538,B,7750-SR7,WST
PTN00635,C,7705-SAR8,MED
PTN00479,A,7750-SR12,SWT
PTN00440,A,7750-SR12,IDF
PTN01442,B,7705-SAR8,CTA
PTN01671,C,7705-SARM,IDF
PTN02150,C,7705-SARM,IDF
PTN01487,C,7705-SARM,SWT
PTN00602,B,7705-SAR18,SWT
PTN00328,B,7750-SR7,NOE
PTN00096,A,7750-SR12,MED
PTN00583,C,7705-SAR8,IDF
PTN00120,A,7750-SR12,CTA
PTN02430,B,7750-SR7,SWT
PTN01534,C,7705-SARM,IDF
PTN02244,C,7705-SAR8,WST
PTN02413,C,7705-SAR8,MED
PTN00043,B,7750-SR7,IDF
PTN00277,B,7750-SR7,MED
PTN00160,C,7705-SAR8,IDF
PTN00077,A,7750-SR12,MED
PTN02173,C,7705-SAR8,MED
PTN02087,C,7705-SARM,IDF
PTN01735,C,7705-SARM,IDF
PTN01596,C,7705-SARM,IDF
PTN01083,B,7750-SR7,CTA
PTN01088,C,7705-SAR8,IDF
PTN01038,C,7705-SAR8,SWT
PTN00415,C,7705-SAR8,SWT
PTN02438,C,7705-SAR8,MED
PTN02175,C,7705-SAR8,WST
PTN02082,C,7705-SARM,IDF
PTN00786,C,7705-SAR8,MED
PTN00752,C,7705-SAR8,MED
PTN00455,C,7705-SAR8,SWT
PTN01326,C,7705-SAR8,IDF
PTN02233,C,7705-SAR8,WST
PTN01173,C,7705-SAR8,MED
PTN00243,B,7750-SR7,SWT
PTN01672,C,7705-SARM,MED
PTN01610,C,7705-SARM,SWT
PTN02289,C,7705-SAR8,MED
PTN01727,B,7750-SR7,IDF
PTN01827,C,7705-SAR8,WST
PTN01022,C,7705-SAR8,MED
PTN02189,C,7705-SAR8,SWT
PTN01531,C,7705-SARM,IDF
PTN00368,C,7705-SARF,MED
PTN00821,B,7750-SR7,WST
PTN00854,B,7750-SR7,NOE
PTN00729,C,7705-SAR8,NOE
PTN00493,C,7705-SAR8,CTA
PTN01298,C,7705-SAR8,NOE
PTN01363,C,7705-SAR8,SWT
PTN00634,C,7705-SAR8,IDF
PTN01129,C,7705-SAR8,WST
PTN02462,C,7705-SAR8,SWT
PTN00924,B,7750-SR7,SWT
PTN00616,B,7750-SR7,CTA
PTN01399,C,7705-SAR8,IDF
PTN01297,C,7705-SAR8,MED
PTN01274,C,7705-SAR8,CTA
PTN01310,C,7705-SAR8,CTA
PTN02219,C,7705-SAR8,WST
PTN01102,C,7705-SAR8,CTA
PTN02274,C,7705-SAR8,IDF
PTN01931,B,7750-SR7,IDF
PTN01528,C,7705-SARM,IDF
PTN02237,C,7705-SARM,IDF
PTN00126,B,7750-SR7,IDF
PTN00618,C,7705-SAR8,CTA
PTN00796,C,7705-SAR8,MED
PTN00623,B,7750-SR7,NOE
PTN01208,C,7705-SAR8,WST
PTN01883,C,7705-SAR8,SWT
PTN01204,C,7705-SAR8,IDF
PTN01962,C,7705-SARM,IDF
PTN01953,C,7705-SARM,IDF
PTN01925,C,7705-SARM,IDF
PTN00413,C,7705-SAR8,SWT
PTN00062,B,7750-SR7,IDF
PTN02449,C,7705-SAR8,SWT
PTN01710,C,7705-SARM,IDF
PTN01512,C,7705-SARM,IDF
PTN00992,B,7750-SR7,NOE
PTN01421,B,7705-SAR8,WST
PTN00703,C,7705-SAR8,WST
PTN02048,C,7705-SAR8,WST
PTN01996,C,7705-SARM,MED
PTN01618,C,7705-SARM,IDF
PTN01651,C,7705-SARM,IDF
PTN01031,C,7705-SAR8,NOE
PTN00003,B,7750-SR7,IDF
PTN00544,B,7750-SR7,SWT
PTN00144,B,7750-SR7,IDF
PTN01567,C,7705-SARM,MED
PTN02341,C,7705-SAR8,IDF
PTN00680,B,7750-SR7,SWT
PTN01359,C,7705-SAR8,CTA
PTN00767,B,7750-SR7,WST
PTN00750,C,7705-SAR8,WST
PTN00632,B,7750-SR7,IDF
PTN00427,C,7705-SAR8,SWT
PTN01447,B,7750-SR7,CTA
PTN02217,C,7705-SAR8,IDF
PTN01190,C,7705-SAR8,WST
PTN01563,C,7705-SARM,IDF
PTN02031,C,7705-SARM,IDF
PTN02375,C,7705-SAR8,WST
PTN02357,C,7705-SAR8,NOE
PTN00592,C,7705-SAR8,WST
PTN00228,B,7750-SR7,WST
PTN00378,C,7705-SAR8,CTA
PTN00113,B,7750-SR7,MED
PTN00075,A,7750-SR12,CTA
PTN01674,C,7705-SARM,MED
PTN01616,C,7705-SARM,IDF
PTN01643,C,7705-SARM,IDF
PTN01157,C,7705-SAR8,WST
PTN00869,C,7705-SAR8,CTA
PTN02108,C,7705-SARM,IDF
PTN00929,C,7705-SAR8,CTA
PTN00934,B,7750-SR7,SWT
PTN00788,C,7705-SAR8,WST
PTN00512,C,7705-SAR8,CTA
PTN01792,C,7705-SARM,IDF
PTN02196,C,7705-SAR8,MED
PTN01170,C,7705-SAR8,WST
PTN01772,C,7705-SARM,IDF
PTN02245,B,7750-SR7,MED
PTN00288,B,7705-SAR18,CTA
PTN00122,B,7750-SR7,IDF
PTN01940,C,7705-SARM,IDF
PTN02107,C,7705-SARM,IDF
PTN02093,C,7705-SARM,IDF
PTN00879,C,7705-SAR8,CTA
PTN00843,C,7705-SAR8,IDF
PTN00815,C,7705-SAR8,WST
PTN00860,C,7705-SAR8,IDF
PTN00437,A,7750-SR12,SWT
PTN01235,C,7705-SAR8,WST
PTN02235,C,7705-SAR8,WST
PTN02224,C,7705-SAR8,WST
PTN01601,C,7705-SARM,IDF
PTN01500,C,7705-SAR8,CTA
PTN01056,C,7705-SAR8,MED
PTN00313,B,7750-SR7,IDF
PTN00213,B,7750-SR7,WST
PTN01894,C,7705-SARM,IDF
PTN00009,B,7750-SR7,IDF
PTN00985,C,7705-SAR8,MED
PTN02464,B,7750-SR7,IDF
PTN00679,B,7750-SR7,SWT
PTN00803,B,7750-SR7,NOE
PTN01776,C,7705-SAR8,WST
PTN01697,C,7705-SARM,IDF
PTN01513,C,7705-SARM,IDF
PTN01494,C,7705-SARM,SWT
PTN00993,B,7750-SR7,NOE
PTN00936,B,7750-SR7,CTA
PTN00716,C,7705-SAR8,MED
PTN00503,B,7750-SR7,MED
PTN00430,C,7705-SAR8,SWT
PTN01960,C,7705-SARM,IDF
PTN01106,C,7705-SAR8,SWT
PTN00347,C,7705-SAR8,MED
PTN00127,B,7750-SR7,IDF
PTN01607,C,7705-SARM,SWT
PTN01626,C,7705-SARM,MED
PTN01829,C,7705-SAR8,SWT
PTN02322,C,7705-SAR8,IDF
PTN02308,C,7705-SARM,MED
PTN00076,A,7750-SR12,MED
PTN00918,B,7750-SR7,SWT
PTN00908,B,7750-SR7,WST
PTN00711,C,7705-SAR8,MED
PTN00806,C,7705-SAR8,MED
PTN00501,C,7705-SAR8,MED
PTN01517,C,7705-SARM,IDF
PTN02293,C,7705-SAR8,IDF
PTN02368,B,7750-SR7,WST
PTN01082,B,7750-SR7,WST
PTN00917,B,7705-SAR18,CTA
PTN00624,B,7750-SR7,NOE
PTN00484,B,7750-SR7,WST
PTN01329,C,7705-SAR8,IDF
PTN01814,C,7705-SAR8,SWT
PTN02210,C,7705-SAR8,IDF
PTN02045,C,7705-SARM,IDF
PTN02400,AUCUN,7750-SR7,IDF
PTN01904,C,7705-SARM,IDF
PTN01949,C,7705-SARM,IDF
PTN01946,C,7705-SARM,IDF
PTN00314,B,7750-SR7,IDF
PTN00030,B,7750-SR7,WST
PTN02395,B,7750-SR7,SWT
PTN00856,B,7705-SAR18,NOE
PTN00491,B,7750-SR7,MED
PTN00406,C,7705-SAR8,NOE
PTN01414,B,7705-SAR8,SWT
PTN01306,C,7705-SAR8,NOE
PTN02198,C,7705-SAR8,IDF
PTN01860,C,7705-SAR8,CTA
PTN01096,C,7705-SAR8,NOE
PTN02300,C,7705-SAR8,WST
PTN00570,C,7705-SAR8,IDF
PTN00180,B,7705-SAR18,IDF
PTN00823,B,7750-SR7,WST
PTN00792,B,7750-SR7,SWT
PTN00686,B,7750-SR7,CTA
PTN01818,C,7705-SAR8,WST
PTN02213,C,7705-SAR8,IDF
PTN02028,C,7705-SARM,IDF
PTN02389,C,7705-SAR8,MED
PTN01948,C,7705-SARM,IDF
PTN01087,B,7750-SR7,CTA
PTN02067,C,7705-SAR8,WST
PTN00244,C,7705-SAR8,CTA
PTN00066,B,7750-SR7,CTA
PTN00040,B,7750-SR7,MED
PTN02416,C,7705-SAR8,IDF
PTN02387,C,7705-SAR8,MED
PTN00202,B,7750-SR7,NOE
PTN02411,C,7705-SAR8,MED
PTN01006,B,7750-SR7,CTA
PTN01003,B,7750-SR7,NOE
PTN00560,B,7750-SR7,SWT
PTN01400,C,7705-SAR8,WST
PTN01570,C,7705-SAR8,MED
PTN01881,C,7705-SAR8,WST
PTN01103,C,7705-SAR8,WST
PTN01654,C,7705-SARM,IDF
PTN01552,C,7705-SARM,MED
PTN01820,C,7705-SAR8,WST
PTN01008,B,7750-SR7,CTA
PTN00988,C,7705-SAR8,WST
PTN00652,C,7705-SAR8,CTA
PTN02284,C,7705-SAR8,CTA
PTN00128,B,7750-SR7,IDF
PTN01600,C,7705-SAR8,IDF
PTN01647,C,7705-SARM,IDF
PTN02292,C,7705-SARM,MED
PTN01077,B,7750-SR7,MED
PTN01035,C,7705-SAR8,MED
PTN00980,C,7705-SAR8,MED
PTN02419,C,7705-SAR8,MED
PTN00655,C,7705-SAR8,NOE
PTN00502,B,7750-SR7,MED
PTN00404,C,7705-SAR8,NOE
PTN01469,B,7705-SAR18,WST
PTN01466,C,7705-SAR8,IDF
PTN00146,B,7750-SR7,IDF
PTN00032,B,7750-SR7,WST
PTN01690,C,7705-SARM,IDF
PTN01604,C,7705-SARM,IDF
PTN01649,C,7705-SARM,IDF
PTN01576,C,7705-SARM,IDF
PTN01579,C,7705-SARM,SWT
PTN02347,C,7705-SAR8,CTA
PTN00046,B,7750-SR7,IDF
PTN00867,C,7705-SAR8,IDF
PTN01422,C,7705-SAR8,WST
PTN00781,C,7705-SAR8,NOE
PTN00675,C,7705-SAR8,MED
PTN01437,B,7705-SAR8,CTA
PTN02363,B,7750-SR7,IDF
PTN01686,C,7705-SARM,IDF
PTN01825,C,7705-SAR8,SWT
PTN01272,C,7705-SAR8,MED
PTN00852,C,7705-SAR8,CTA
PTN00789,C,7705-SAR8,CTA
PTN00529,C,7705-SAR8,NOE
PTN00445,C,7705-SAR8,MED
PTN01396,C,7705-SAR8,IDF
PTN01372,C,7705-SAR8,MED
PTN01797,C,7705-SARM,IDF
PTN00576,C,7705-SAR8,IDF
PTN00054,A,7750-SR12,CTA
PTN01136,C,7705-SAR8,WST
PTN02041,C,7705-SARM,IDF
PTN02164,C,7705-SARM,IDF
PTN02328,C,7705-SAR8,IDF
PTN00295,B,7750-SR7,CTA
PTN00298,B,7750-SR7,CTA
PTN01633,C,7705-SARM,IDF
PTN00522,C,7705-SAR8,NOE
PTN01384,C,7705-SAR8,IDF
PTN01923,C,7705-SARM,IDF
PTN02305,C,7705-SAR8,IDF
PTN01533,C,7705-SARM,IDF
PTN00002,B,7750-SR7,IDF
PTN01039,C,7705-SAR8,SWT
PTN00957,C,7705-SAR8,MED
PTN00826,C,7705-SAR8,SWT
PTN01521,C,7705-SARM,IDF
PTN02287,B,7750-SR7,WST
PTN02074,C,7705-SAR8,CTA
PTN02062,C,7705-SARM,IDF
PTN02072,C,7705-SAR8,CTA
PTN00172,B,7750-SR7,IDF
PTN00291,B,7705-SAR18,CTA
PTN00107,B,7750-SR7,MED
PTN00041,A,7750-SR12,MED
PTN00901,B,7750-SR7,WST
PTN00817,C,7705-SAR8,WST
PTN00865,C,7705-SAR8,NOE
PTN00783,C,7705-SAR8,IDF
PTN00769,B,7750-SR7,NOE
PTN00804,B,7750-SR7,NOE
PTN00709,C,7705-SAR8,WST
PTN00511,C,7705-SAR8,CTA
PTN01148,C,7705-SAR8,SWT
PTN00708,C,7705-SAR8,WST
PTN00498,C,7705-SAR8,MED
PTN01377,C,7705-SAR8,CTA
PTN01870,C,7705-SAR8,WST
PTN01888,C,7705-SAR8,MED
PTN02426,C,7705-SAR8,SWT
PTN01174,C,7705-SAR8,IDF
PTN01602,C,7705-SARM,IDF
PTN01908,C,7705-SAR8,WST
PTN00131,B,7750-SR7,CTA
PTN00095,A,7750-SR12,MED
PTN00100,B,7750-SR7,MED
PTN00055,B,7750-SR7,IDF
PTN02443,C,7705-SAR8,SWT
PTN02120,C,7705-SARM,IDF
PTN02083,C,7705-SARM,IDF
PTN01756,C,7705-SAR8,WST
PTN01728,B,7750-SR7,MED
PTN01830,C,7705-SAR8,WST
PTN02064,C,7705-SARM,IDF
PTN01459,B,7750-SR7,WST
PTN01617,C,7705-SARM,IDF
PTN01522,C,7705-SARM,IDF
PTN01838,C,7705-SARM,IDF
PTN00617,C,7705-SAR8,IDF
PTN00728,C,7705-SAR8,SWT
PTN02388,C,7705-SAR8,MED
PTN01293,C,7705-SAR8,CTA
PTN01882,C,7705-SAR8,SWT
PTN02007,B,7750-SR7,SWT
PTN02109,C,7705-SARM,IDF
PTN01642,C,7705-SARM,IDF
PTN00951,C,7705-SAR8,WST
PTN01348,C,7705-SAR8,IDF
PTN01869,C,7705-SAR8,WST
PTN01143,C,7705-SAR8,IDF
PTN00322,B,7750-SR7,NOE
PTN02161,C,7705-SARM,IDF
PTN02078,C,7705-SARM,IDF
PTN00615,B,7750-SR7,CTA
PTN00704,C,7705-SAR8,WST
PTN00204,B,7750-SR7,NOE
PTN00130,B,7750-SR7,CTA
PTN01971,C,7705-SARM,IDF
PTN02180,C,7705-SAR8,WST
PTN02126,C,7705-SARM,IDF
PTN00963,C,7705-SAR8,CTA
PTN00648,B,7750-SR7,WST
PTN01367,C,7705-SAR8,CTA
PTN01200,C,7705-SAR8,CTA
PTN00407,C,7705-SARF,CTA
PTN02321,C,7705-SAR8,IDF
PTN02447,B,7750-SR7,WST
PTN01624,C,7705-SARM,IDF
PTN00477,AUCUN,7750-SR7,SWT
PTN00496,C,7705-SAR8,SWT
PTN00429,C,7705-SAR8,SWT
PTN02176,C,7705-SAR8,IDF
PTN00444,C,7705-SAR8,MED
PTN01445,B,7750-SR7,CTA
PTN01281,C,7705-SAR8,CTA
PTN01868,C,7705-SAR8,IDF
PTN02025,C,7705-SARM,IDF
PTN02132,C,7705-SARM,IDF
PTN01698,C,7705-SARM,IDF
PTN01586,C,7705-SARM,IDF
PTN01554,C,7705-SARM,IDF
PTN01506,C,7705-SARM,IDF
PTN01798,C,7705-SARM,IDF
PTN02306,C,7705-SAR8,MED
PTN02069,C,7705-SAR8,IDF
PTN00408,C,7705-SAR8,IDF
PTN01416,B,7705-SAR8,SWT
PTN01268,C,7705-SAR8,CTA
PTN00164,B,7705-SAR18,IDF
PTN02420,C,7705-SAR8,MED
PTN00471,C,7705-SAR8,IDF
PTN01464,B,7705-SAR18,NOE
PTN01285,C,7705-SAR8,NOE
PTN01264,C,7705-SAR8,CTA
PTN01162,C,7705-SAR8,MED
PTN01100,C,7705-SAR8,MED
PTN01558,C,7705-SARM,IDF
PTN00256,A,7750-SR12,SWT
PTN01922,C,7705-SARM,IDF
PTN02168,C,7705-SARM,MED
PTN00451,C,7705-SAR8,NOE
PTN01461,B,7705-SAR8,MED
PTN01324,C,7705-SAR8,MED
PTN01207,C,7705-SAR8,CTA
PTN02229,C,7705-SAR8,WST
PTN01855,C,7705-SAR8,CTA
PTN01152,C,7705-SAR8,IDF
PTN01749,C,7705-SARM,IDF
PTN02075,C,7705-SAR8,CTA
PTN00299,B,7750-SR7,CTA
PTN02471,C,7705-SAR8,SWT
PTN02091,C,7705-SARM,IDF
PTN01715,C,7705-SARM,IDF
PTN01639,C,7705-SARM,IDF
PTN01553,C,7705-SARM,IDF
PTN00556,C,7705-SAR8,NOE
PTN01210,C,7705-SAR8,WST
PTN02401,AUCUN,7750-SR7,IDF
PTN00273,B,7750-SR7,SWT
PTN00222,B,7750-SR7,NOE
PTN00377,C,7705-SAR8,IDF
PTN00051,B,7750-SR7,IDF
PTN00891,B,7750-SR7,NOE
PTN00932,B,7750-SR7,SWT
PTN00681,B,7705-SAR18,SWT
PTN00401,B,7705-SAR18,SWT
PTN01431,B,7705-SAR8,NOE
PTN01296,C,7705-SAR8,MED
PTN02123,C,7705-SARM,IDF
PTN02441,C,7705-SAR8,MED
PTN01545,C,7705-SARM,IDF
PTN01084,B,7750-SR7,CTA
PTN01777,C,7705-SARM,MED
PTN00259,A,7750-SR12,WST
PTN00246,B,7750-SR7,WST
PTN00248,B,7750-SR7,WST
PTN00069,B,7750-SR7,CTA
PTN01597,C,7705-SARM,IDF
PTN00960,C,7705-SAR8,MED
PTN00954,C,7705-SAR8,MED
PTN00889,C,7705-SAR8,CTA
PTN02169,C,7705-SARM,MED
PTN02095,C,7705-SARM,IDF
PTN02250,C,7705-SAR8,WST
PTN00231,B,7750-SR7,CTA
PTN00192,B,7750-SR7,IDF
PTN00737,C,7705-SAR8,WST
PTN00646,B,7750-SR7,WST
PTN01234,C,7705-SAR8,NOE
PTN01887,C,7705-SAR8,MED
PTN01117,C,7705-SAR8,SWT
PTN02166,C,7705-SAR8,IDF
PTN02117,C,7705-SARM,IDF
PTN01991,C,7705-SAR8,WST
PTN01990,C,7705-SAR8,WST
PTN02262,C,7705-SAR8,WST
PTN02246,B,7750-SR7,IDF
PTN00613,B,7750-SR7,WST
PTN00269,B,7750-SR7,SWT
PTN00084,B,7750-SR7,IDF
PTN00015,A,7750-SR12,IDF
PTN02440,C,7705-SAR8,SWT
PTN01952,C,7705-SARM,IDF
PTN01919,C,7705-SARM,IDF
PTN02178,C,7705-SAR8,IDF
PTN01556,C,7705-SARM,IDF
PTN01778,C,7705-SAR8,WST
PTN00725,C,7705-SAR8,WST
PTN00447,B,7750-SR7,MED
PTN01295,C,7705-SAR8,CTA
PTN01799,C,7705-SAR8,NOE
PTN00265,B,7750-SR7,SWT
PTN00023,A,7750-SR12,IDF
PTN01203,C,7705-SAR8,IDF
PTN01757,C,7705-SAR8,WST
PTN01676,C,7705-SARM,IDF
PTN01625,C,7705-SARM,SWT
PTN02390,C,7705-SAR8,MED
PTN01961,C,7705-SARM,IDF
PTN00523,B,7750-SR7,SWT
PTN00426,C,7705-SAR8,SWT
PTN01287,C,7705-SAR8,IDF
PTN02327,C,7705-SAR8,IDF
PTN01902,C,7705-SARM,IDF
PTN00203,B,7750-SR7,NOE
PTN01621,C,7705-SARM,IDF
PTN00987,C,7705-SAR8,MED
PTN01967,C,7705-SARM,IDF
PTN01536,C,7705-SARM,IDF
PTN02281,C,7705-SAR8,CTA
PTN00828,C,7705-SAR8,WST
PTN00808,C,7705-SAR8,CTA
PTN00738,C,7705-SAR8,WST
PTN00566,B,7750-SR7,CTA
PTN00597,C,7705-SAR8,WST
PTN00219,B,7750-SR7,NOE
PTN00200,B,7750-SR7,NOE
PTN00031,B,7750-SR7,WST
PTN01449,B,7750-SR7,IDF
PTN02458,C,7705-SAR8,SWT
PTN01917,C,7705-SARM,IDF
PTN02192,C,7705-SARM,IDF
PTN02017,C,7705-SARM,IDF
PTN01783,C,7705-SARM,IDF
PTN02414,C,7705-SAR8,MED
PTN00978,C,7705-SAR8,MED
PTN01146,C,7705-SAR8,SWT
PTN00696,C,7705-SAR8,SWT
PTN00727,C,7705-SAR8,WST
PTN00492,C,7705-SAR8,CTA
PTN01175,C,7705-SAR8,SWT
PTN01163,C,7705-SAR8,MED
PTN01696,C,7705-SARM,IDF
PTN00953,C,7705-SAR8,MED
PTN01773,C,7705-SARM,IDF
PTN00883,C,7705-SAR8,CTA
PTN00919,B,7750-SR7,CTA
PTN00649,B,7750-SR7,MED
PTN01878,C,7705-SAR8,WST
PTN02009,C,7705-SAR8,WST
PTN01974,C,7705-SARM,IDF
PTN02156,C,7705-SARM,IDF
PTN00922,B,7750-SR7,SWT
PTN02230,C,7705-SAR8,WST
PTN01171,C,7705-SAR8,SWT
PTN01131,C,7705-SAR8,WST
PTN01132,C,7705-SAR8,WST
PTN02461,C,7705-SAR8,MED
PTN02254,C,7705-SAR8,IDF
PTN02247,C,7705-SAR8,IDF
PTN01472,C,7705-SAR8,IDF
PTN01401,B,7750-SR7,WST
PTN01305,C,7705-SAR8,CTA
PTN02361,C,7705-SAR8,MED
PTN01938,C,7705-SARM,IDF
PTN02234,C,7705-SAR8,WST
PTN02185,C,7705-SAR8,SWT
PTN02010,C,7705-SARM,IDF
PTN02125,C,7705-SARM,IDF
PTN01524,C,7705-SARM,IDF
PTN00692,B,7750-SR7,CTA
PTN00625,B,7750-SR7,NOE
PTN01183,C,7705-SAR8,CTA
PTN01448,B,7750-SR7,CTA
PTN01788,C,7705-SARM,IDF
PTN01900,C,7705-SAR8,IDF
PTN00365,C,7705-SAR8,MED
PTN_5620SAM_DB_LTO,,SRV Generique HSI,IDF
PTN01717,C,7705-SARM,IDF
PTN01605,C,7705-SARM,IDF
PTN01541,C,7705-SARM,IDF
PTN01070,C,7705-SAR8,MED
PTN01048,C,7705-SAR8,IDF
PTN02148,C,7705-SARM,IDF
PTN02252,C,7705-SAR8,WST
PTN00630,B,7750-SR7,IDF
PTN00454,C,7705-SAR8,SWT
PTN01432,B,7705-SAR8,NOE
PTN01871,C,7705-SAR8,WST
PTN01873,C,7705-SAR8,WST
PTN01858,C,7705-SAR8,CTA
PTN00068,B,7750-SR7,CTA
PTN02345,B,7750-SR7,CTA
PTN01098,C,7705-SAR8,NOE
PTN02042,C,7705-SARM,IDF
PTN01982,C,7705-SAR8,WST
PTN01747,C,7705-SARM,IDF
PTN01058,C,7705-SAR8,MED
PTN00667,B,7750-SR7,WST
PTN01393,C,7705-SAR8,IDF
PTN01276,C,7705-SAR8,NOE
PTN01350,C,7705-SAR8,MED
PTN01212,C,7705-SAR8,MED
PTN02362,C,7705-SAR8,MED
PTN01886,C,7705-SAR8,MED
PTN00220,B,7750-SR7,NOE
PTN02297,C,7705-SAR8,WST
PTN00894,B,7750-SR7,WST
PTN00773,A,7750-SR12,IDF
PTN00651,B,7750-SR7,MED
PTN00436,A,7750-SR12,SWT
PTN00588,C,7705-SAR8,IDF
PTN01275,C,7705-SAR8,IDF
PTN01724,B,7705-SAR8,CTA
PTN01128,C,7705-SAR8,MED
PTN02129,C,7705-SARM,IDF
PTN02102,C,7705-SARM,IDF
PTN01585,C,7705-SARM,IDF
PTN01569,C,7705-SARM,IDF
PTN02315,C,7705-SAR8,WST
PTN00373,C,7705-SAR8,IDF
PTN00335,B,7750-SR7,WST
PTN00047,B,7750-SR7,IDF
PTN00010,B,7750-SR7,IDF
PTN00557,B,7750-SR7,SWT
PTN01424,B,7705-SAR8,WST
PTN01319,C,7705-SAR8,IDF
PTN01130,C,7705-SAR8,WST
PTN02142,C,7705-SARM,IDF
PTN02276,C,7705-SAR8,IDF
PTN00327,B,7750-SR7,NOE
PTN01729,B,7705-SAR8,SWT
PTN02186,C,7705-SAR8,CTA
PTN02145,C,7705-SARM,IDF
PTN02105,C,7705-SAR8,IDF
PTN01493,C,7705-SARM,IDF
PTN00859,C,7705-SAR8,MED
PTN00846,C,7705-SAR8,NOE
PTN00795,B,7750-SR7,SWT
PTN01140,C,7705-SAR8,IDF
PTN02364,C,7705-SAR8,MED
PTN01977,C,7705-SARM,IDF
PTN02181,C,7705-SAR8,WST
PTN00915,B,7750-SR7,CTA
PTN00694,B,7705-SAR8,CTA
PTN00435,C,7705-SAR8,SWT
PTN02019,C,7705-SAR8,WST
PTN00577,C,7705-SAR8,IDF
PTN01547,C,7705-SARM,IDF
PTN02340,C,7705-SAR8,MED
PTN01004,C,7705-SAR8,SWT
PTN02152,C,7705-SARM,IDF
PTN00637,C,7705-SAR8,MED
PTN00494,C,7705-SAR8,CTA
PTN01406,B,7750-SR7,WST
PTN_5620SAM_BKP_LTO,,SRV Generique HSI,IDF
PTN02263,C,7705-SAR8,WST
PTN00390,C,7705-SARF,MED
PTN00033,B,7750-SR7,WST
PTN01716,C,7705-SARM,IDF
PTN02465,C,7705-SAR8,CTA
PTN02008,C,7705-SAR8,SWT
PTN00952,C,7705-SAR8,MED
PTN00629,B,7750-SR7,IDF
PTN00714,C,7705-SAR8,WST
PTN01471,C,7705-SAR8,IDF
PTN02243,C,7705-SAR8,WST
PTN00218,A,7750-SR12,NOE
PTN01745,C,7705-SARM,IDF
PTN01719,C,7705-SARM,IDF
PTN01738,C,7705-SARM,IDF
PTN01667,C,7705-SARM,MED
PTN01964,C,7705-SARM,IDF
PTN00844,C,7705-SAR8,NOE
PTN00452,C,7705-SAR8,NOE
PTN00772,B,7750-SR7,NOE
PTN00442,C,7705-SAR8,SWT
PTN01294,C,7705-SAR8,CTA
PTN01343,C,7705-SAR8,WST
PTN01216,C,7705-SAR8,IDF
PTN00141,B,7750-SR7,MED
PTN00109,B,7750-SR7,MED
PTN00087,B,7750-SR7,IDF
PTN00850,B,7750-SR7,NOE
PTN00690,B,7750-SR7,CTA
PTN00717,C,7705-SAR8,MED
PTN00521,C,7705-SAR8,NOE
PTN01370,C,7705-SAR8,SWT
PTN01668,C,7705-SARM,SWT
PTN01543,C,7705-SARM,IDF
PTN02273,C,7705-SAR8,IDF
PTN00210,A,7750-SR12,WST
PTN00242,B,7750-SR7,SWT
PTN00021,A,7750-SR12,IDF
PTN01662,C,7705-SARM,IDF
PTN02295,B,7750-SR7,IDF
PTN00525,C,7705-SAR8,NOE
PTN00410,C,7705-SAR8,SWT
PTN01241,C,7705-SAR8,NOE
PTN01804,C,7705-SARM,SWT
PTN01094,C,7705-SAR8,MED
PTN02170,C,7705-SAR8,WST
PTN02359,C,7705-SAR8,MED
PTN01423,C,7705-SAR8,WST
PTN00661,B,7750-SR7,SWT
PTN00025,B,7750-SR7,MED
PTN01227,C,7705-SAR8,WST
PTN01584,C,7705-SARM,IDF
PTN01634,C,7705-SARM,IDF
PTN02323,B,7750-SR7,IDF
PTN02143,C,7705-SARM,IDF
PTN00612,B,7750-SR7,WST
PTN00250,A,7750-SR12,WST
PTN00344,B,7750-SR7,MED
PTN02448,C,7705-SAR8,MED
PTN01790,C,7705-SAR8,WST
PTN02258,C,7705-SAR8,IDF
PTN02256,C,7705-SAR8,IDF
PTN00367,C,7705-SAR8,MED
PTN00027,A,7750-SR12,WST
PTN00016,A,7750-SR12,IDF
PTN00020,B,7750-SR7,IDF
PTN02425,C,7705-SAR8,SWT
PTN02370,C,7705-SAR8,CTA
PTN02346,C,7705-SAR8,WST
PTN01718,C,7705-SARM,IDF
PTN01009,B,7750-SR7,CTA
PTN00687,B,7750-SR7,CTA
PTN02212,C,7705-SAR8,SWT
PTN02092,C,7705-SARM,IDF
PTN01677,C,7705-SARM,IDF
PTN02369,C,7705-SAR8,SWT
PTN00871,C,7705-SAR8,CTA
PTN02097,C,7705-SARM,IDF
PTN00757,C,7705-SAR8,MED
PTN01238,C,7705-SAR8,WST
PTN01853,C,7705-SAR8,CTA
PTN01782,C,7705-SARM,IDF
PTN02240,C,7705-SAR8,IDF
PTN00057,A,7750-SR12,CTA
PTN01595,C,7705-SARM,IDF
PTN01580,C,7705-SARM,IDF
PTN00977,C,7705-SAR8,MED
PTN02121,C,7705-SARM,IDF
PTN01787,C,7705-SARM,IDF
PTN01780,C,7705-SARM,IDF
PTN00645,B,7750-SR7,WST
PTN00460,B,7750-SR7,MED
PTN00262,A,7750-SR12,NOE
PTN00254,B,7750-SR7,WST
PTN01723,C,7705-SAR8,CTA
PTN01134,C,7705-SAR8,WST
PTN01703,C,7705-SARM,IDF
PTN01590,C,7705-SARM,SWT
PTN02393,B,7750-SR7,CTA
PTN00659,B,7750-SR7,SWT
PTN00568,B,7750-SR7,CTA
PTN01412,B,7705-SAR8,SWT
PTN01351,C,7705-SAR8,MED
PTN01321,C,7705-SAR8,MED
PTN01789,C,7705-SARM,IDF
PTN01191,C,7705-SAR8,WST
PTN00324,B,7750-SR7,NOE
PTN00266,A,7750-SR12,SWT
PTN00361,C,7705-SAR8,MED
PTN00285,B,7750-SR7,CTA
PTN01683,C,7705-SARM,IDF
PTN01572,C,7705-SARM,IDF
PTN02134,C,7705-SARM,IDF
PTN02279,C,7705-SAR8,CTA
PTN01425,B,7705-SAR8,WST
PTN02231,C,7705-SAR8,WST
PTN07701,C,7705-SARM,IDF
PTN01934,C,7705-SAR8,IDF
PTN01966,C,7705-SARM,IDF
PTN02135,C,7705-SARM,IDF
PTN00489,B,7705-SAR18,WST
PTN01180,C,7705-SAR8,WST
PTN01107,C,7705-SAR8,SWT
PTN02050,C,7705-SAR8,WST
PTN02307,C,7705-SAR8,IDF
PTN01527,C,7705-SARM,IDF
PTN00611,B,7750-SR7,WST
PTN00601,B,7750-SR7,SWT
PTN00207,B,7750-SR7,NOE
PTN00006,A,7750-SR12,IDF
PTN00070,A,7750-SR12,IDF
PTN02415,C,7705-SAR8,MED
PTN00329,B,7750-SR7,NOE
PTN00022,A,7750-SR12,IDF
PTN00754,C,7705-SAR8,SWT
PTN00466,B,7750-SR7,MED
PTN01603,C,7705-SARM,IDF
PTN01627,C,7705-SARM,MED
PTN02081,C,7705-SARM,IDF
PTN01061,C,7705-SAR8,MED
PTN01774,C,7705-SARM,IDF
PTN02275,C,7705-SAR8,CTA
PTN02267,C,7705-SAR8,IDF
PTN00014,A,7750-SR12,IDF
PTN01019,C,7705-SAR8,IDF
PTN01943,C,7705-SARM,IDF
PTN00771,B,7750-SR7,NOE
PTN00663,B,7750-SR7,SWT
PTN01379,C,7705-SAR8,IDF
PTN01429,C,7705-SAR8,NOE
PTN01267,C,7705-SAR8,CTA
PTN02006,C,7705-SAR8,SWT
PTN02354,C,7705-SAR8,MED
PTN01017,C,7705-SAR8,IDF
PTN02391,B,7750-SR7,NOE
PTN00835,B,7750-SR7,NOE
PTN00785,C,7705-SAR8,MED
PTN00720,C,7705-SAR8,SWT
PTN02319,C,7705-SAR8,IDF
PTN01912,C,7705-SAR8,IDF
PTN01194,C,7705-SAR8,WST
PTN01969,C,7705-SARM,IDF
PTN02171,C,7705-SAR8,WST
PTN01650,C,7705-SARM,IDF
PTN01479,C,7705-SAR8,WST
PTN01478,C,7705-SAR8,WST
PTN01477,C,7705-SAR8,IDF
PTN00225,B,7750-SR7,NOE
PTN00241,B,7750-SR7,SWT
PTN00284,B,7750-SR7,CTA
PTN02431,C,7705-SAR8,IDF
PTN00880,C,7705-SAR8,CTA
PTN00800,C,7705-SAR8,CTA
PTN01451,B,7705-SAR8,IDF
PTN00229,B,7750-SR7,WST
PTN00341,B,7750-SR7,MED
PTN02179,C,7705-SAR8,WST
PTN02147,C,7705-SARM,IDF
PTN02114,C,7705-SARM,IDF
PTN00822,B,7750-SR7,WST
PTN00619,C,7705-SAR8,CTA
PTN00457,C,7705-SAR8,SWT
PTN01369,C,7705-SAR8,MED
PTN02220,C,7705-SAR8,WST
PTN02202,C,7705-SAR8,WST
PTN01020,C,7705-SAR8,MED
PTN01779,C,7705-SAR8,WST
PTN02383,C,7705-SAR8,IDF
PTN01660,C,7705-SARM,IDF
PTN01694,C,7705-SARM,IDF
PTN02080,C,7705-SARM,IDF
PTN01090,C,7705-SAR8,IDF
PTN02406,B,7750-SR7,CTA
PTN00946,B,7750-SR7,IDF
PTN00701,C,7705-SAR8,MED
PTN00490,B,7705-SAR18,MED
PTN00799,C,7705-SAR8,CTA
PTN00520,C,7705-SAR8,NOE
PTN00458,B,7750-SR7,MED
PTN01457,B,7750-SR7,MED
PTN01850,C,7705-SAR8,WST
PTN02039,C,7705-SARM,IDF
PTN01992,C,7705-SARM,MED
PTN00974,B,7750-SR7,SWT
PTN02442,C,7705-SAR8,SWT
PTN00565,B,7750-SR7,CTA
PTN01389,C,7705-SAR8,IDF
PTN01292,C,7705-SAR8,WST
PTN01181,C,7705-SAR8,MED
PTN01781,C,7705-SARM,IDF
PTN00636,C,7705-SAR8,MED
PTN01453,B,7705-SAR8,IDF
PTN01930,C,7705-SAR8,CTA
PTN02070,C,7705-SAR8,IDF
PTN01910,C,7705-SAR8,CTA
PTN00191,B,7750-SR7,IDF
PTN00263,A,7750-SR12,NOE
PTN00339,C,7705-SAR8,MED
PTN01741,C,7705-SARM,IDF
PTN02288,C,7705-SAR8,IDF
PTN01835,C,7705-SAR8,CTA
PTN00514,C,7705-SAR8,CTA
PTN00553,C,7705-SAR8,IDF
PTN01405,B,7750-SR7,WST
PTN01439,B,7705-SAR8,CTA
PTN00370,C,7705-SAR8,IDF
PTN00018,B,7750-SR7,IDF
PTN00238,A,7750-SR12,SWT
PTN00178,C,7705-SAR8,CTA
PTN00904,B,7750-SR7,WST
PTN00911,B,7750-SR7,MED
PTN00866,C,7705-SAR8,IDF
PTN00684,B,7750-SR7,SWT
PTN00674,C,7705-SAR8,MED
PTN00432,C,7705-SAR8,SWT
PTN02444,C,7705-SAR8,SWT
PTN01456,B,7750-SR7,IDF
PTN01376,C,7705-SAR8,CTA
PTN01817,C,7705-SAR8,WST
PTN01755,C,7705-SAR8,WST
PTN01828,C,7705-SAR8,SWT
PTN01033,C,7705-SAR8,MED
PTN02187,C,7705-SAR8,CTA
PTN01843,C,7705-SAR8,WST
PTN02380,C,7705-SAR8,WST
PTN00755,C,7705-SAR8,MED
PTN00561,B,7705-SAR18,SWT
PTN01270,C,7705-SAR8,CTA
PTN02172,C,7705-SAR8,WST
PTN02194,C,7705-SAR8,SWT
PTN02005,C,7705-SAR8,SWT
PTN02255,C,7705-SAR8,WST
PTN00007,A,7750-SR12,IDF
PTN00906,B,7750-SR7,WST
PTN00791,C,7705-SAR8,MED
PTN01278,C,7705-SAR8,NOE
PTN01273,C,7705-SAR8,CTA
PTN01255,C,7705-SAR8,IDF
PTN01983,C,7705-SAR8,WST
PTN02191,C,7705-SAR8,SWT
PTN02352,B,7750-SR7,IDF
PTN00518,C,7705-SAR8,NOE
PTN01085,B,7750-SR7,CTA
PTN01064,C,7705-SAR8,IDF
PTN01909,C,7705-SAR8,WST
PTN00336,B,7750-SR7,WST
PTN00399,C,7705-SAR8,CTA
PTN00297,B,7750-SR7,CTA
PTN00405,C,7705-SAR8,NOE
PTN01872,C,7705-SAR8,WST
PTN01182,C,7705-SAR8,MED
PTN00857,C,7705-SAR8,CTA
PTN01010,C,7705-SAR8,MED
PTN00547,B,7705-SAR18,NOE
PTN01666,C,7705-SARM,MED
PTN01015,C,7705-SAR8,MED
PTN02312,C,7705-SAR8,IDF
PTN00132,B,7750-SR7,IDF
PTN00103,B,7750-SR7,MED
PTN00689,B,7750-SR7,CTA
PTN00631,B,7750-SR7,IDF
PTN01796,C,7705-SARM,IDF
PTN01217,C,7705-SAR8,IDF
PTN01054,C,7705-SAR8,WST
PTN02146,C,7705-SARM,IDF
PTN02133,C,7705-SARM,IDF
PTN02326,C,7705-SAR8,IDF
PTN00065,B,7750-SR7,CTA
PTN02374,C,7705-SAR8,WST
PTN01891,C,7705-SARM,IDF
PTN01403,B,7750-SR7,WST
PTN01434,C,7705-SAR8,NOE
PTN01236,B,7750-SR7,CTA
PTN01135,C,7705-SAR8,WST
PTN01764,C,7705-SAR8,WST
PTN00575,C,7705-SAR8,IDF
PTN00187,B,7750-SR7,IDF
PTN01503,C,7705-SARM,IDF
PTN02188,C,7705-SAR8,IDF
PTN00899,B,7750-SR7,WST
PTN00722,C,7705-SAR8,WST
PTN00526,C,7705-SAR8,NOE
PTN01332,C,7705-SAR8,IDF
PTN01184,C,7705-SAR8,WST
PTN02118,C,7705-SARM,IDF
PTN01656,C,7705-SARM,IDF
PTN00959,C,7705-SAR8,MED
PTN02365,C,7705-SAR8,MED
PTN00318,B,7750-SR7,NOE
PTN01933,C,7705-SAR8,CTA
PTN02077,C,7705-SARM,IDF
PTN00962,C,7705-SAR8,MED
PTN02200,C,7705-SARM,MED
PTN01861,C,7705-SAR8,SWT
PTN00305,C,7705-SAR8,IDF
PTN00199,B,7750-SR7,NOE
PTN00036,B,7750-SR7,MED
PTN00005,A,7750-SR12,IDF
PTN01945,C,7705-SARM,IDF
PTN02153,C,7705-SARM,IDF
PTN02141,C,7705-SARM,IDF
PTN02103,C,7705-SAR8,MED
PTN02098,C,7705-SARM,IDF
PTN02318,C,7705-SAR8,WST
PTN02351,C,7705-SAR8,WST
PTN01753,C,7705-SAR8,WST
PTN01823,C,7705-SAR8,SWT
PTN00434,C,7705-SAR8,SWT
PTN01446,B,7750-SR7,CTA
PTN01266,C,7705-SAR8,CTA
PTN00110,A,7750-SR12,MED
PTN00104,B,7750-SR7,MED
PTN01139,C,7705-SAR8,SWT
PTN01147,C,7705-SAR8,SWT
PTN01104,C,7705-SAR8,WST
PTN01928,C,7705-SAR8,MED
PTN02106,C,7705-SARM,IDF
PTN01501,C,7705-SAR8,IDF
PTN02291,C,7705-SAR8,MED
PTN00726,C,7705-SAR8,SWT
PTN00513,C,7705-SAR8,CTA
PTN00428,C,7705-SAR8,SWT
PTN01323,C,7705-SAR8,MED
PTN01488,C,7705-SARM,SWT
PTN02066,C,7705-SARM,IDF
PTN01911,C,7705-SAR8,CTA
PTN00325,B,7750-SR7,NOE
PTN00133,B,7750-SR7,MED
PTN00979,C,7705-SAR8,MED
PTN00481,B,7750-SR7,WST
PTN01426,B,7750-SR7,NOE
PTN01246,C,7705-SAR8,SWT
PTN02439,C,7705-SAR8,IDF
PTN02111,C,7705-SARM,IDF
PTN02257,B,7705-SAR8,NOE
PTN00118,B,7750-SR7,CTA
PTN00056,A,7750-SR12,CTA
PTN01673,C,7705-SARM,MED
PTN01630,C,7705-SARM,MED
PTN01518,C,7705-SARM,IDF
PTN01822,C,7705-SARM,SWT
PTN01093,C,7705-SAR8,MED
PTN01470,C,7705-SAR8,IDF
PTN01380,C,7705-SAR8,IDF
PTN01206,C,7705-SAR8,CTA
PTN01958,C,7705-SARM,IDF
PTN00088,B,7750-SR7,IDF
PTN01060,C,7705-SAR8,IDF
PTN00827,C,7705-SAR8,WST
PTN00779,C,7705-SAR8,SWT
PTN01794,C,7705-SARM,IDF
PTN02013,C,7705-SARM,IDF
PTN02330,B,7750-SR7,WST
PTN00074,A,7750-SR12,CTA
PTN00793,B,7750-SR7,SWT
PTN00765,B,7750-SR7,WST
PTN00647,B,7750-SR7,WST
PTN00589,C,7705-SAR8,IDF
PTN01168,C,7705-SAR8,CTA
PTN01731,B,7750-SR7,WST
PTN01689,C,7705-SARM,IDF
PTN01074,C,7705-SAR8,MED
PTN02167,C,7705-SAR8,IDF
PTN02084,C,7705-SARM,IDF
PTN00609,B,7750-SR7,WST
PTN00581,C,7705-SAR8,IDF
PTN00212,B,7750-SR7,WST
PTN00115,A,7750-SR12,CTA
PTN00486,B,7750-SR7,WST
PTN01105,C,7705-SAR8,WST
PTN02051,C,7705-SAR8,WST
PTN00983,C,7705-SAR8,MED
PTN00778,C,7705-SAR8,MED
PTN00756,C,7705-SAR8,MED
PTN00705,C,7705-SAR8,MED
PTN01413,C,7705-SAR8,SWT
PTN02207,C,7705-SAR8,WST
PTN01866,C,7705-SAR8,WST
PTN01685,C,7705-SARM,IDF
PTN02268,C,7705-SAR8,WST
PTN00961,C,7705-SAR8,MED
PTN00610,B,7750-SR7,WST
PTN00337,B,7750-SR7,WST
PTN00261,B,7750-SR7,WST
PTN01705,C,7705-SARM,IDF
PTN02455,C,7705-SAR8,CTA
PTN00964,C,7705-SAR8,CTA
PTN01936,C,7705-SARM,IDF
PTN02127,C,7705-SARM,IDF
PTN02113,C,7705-SARM,IDF
PTN02094,C,7705-SARM,IDF
PTN00673,C,7705-SAR8,MED
PTN00420,C,7705-SAR8,SWT
PTN01341,C,7705-SAR8,CTA
PTN01211,C,7705-SAR8,WST
PTN01167,C,7705-SAR8,NOE
PTN01187,C,7705-SAR8,IDF
PTN02269,C,7705-SAR8,IDF
PTN02241,C,7705-SAR8,IDF
PTN00112,B,7750-SR7,MED
PTN01356,C,7705-SAR8,IDF
PTN01315,C,7705-SAR8,WST
PTN01813,C,7705-SAR8,WST
PTN01682,C,7705-SAR8,IDF
PTN01608,C,7705-SARM,SWT
PTN01619,C,7705-SARM,IDF
PTN02033,C,7705-SARM,IDF
PTN02339,C,7705-SAR8,CTA
PTN00622,B,7750-SR7,NOE
PTN00660,B,7705-SAR18,SWT
PTN00519,C,7705-SAR8,NOE
PTN01427,B,7750-SR7,MED
PTN01339,C,7705-SAR8,CTA
PTN02381,C,7705-SAR8,WST
PTN00527,C,7705-SAR8,NOE
PTN02122,C,7705-SARM,IDF
PTN01752,C,7705-SARM,IDF
PTN02434,C,7705-SAR8,MED
PTN01542,C,7705-SARM,IDF
PTN00997,C,7705-SAR8,CTA
PTN00790,C,7705-SAR8,CTA
PTN01371,C,7705-SAR8,SWT
PTN00541,B,7750-SR7,MED
PTN02014,C,7705-SARM,IDF
PTN00905,B,7750-SR7,WST
PTN01374,C,7705-SARM,SWT
PTN02061,C,7705-SARM,IDF
PTN00330,B,7750-SR7,CTA
PTN00468,C,7705-SAR8,WST
PTN00736,C,7705-SAR8,WST
PTN00548,B,7750-SR7,SWT
PTN00004,A,7750-SR12,IDF
PTN01322,C,7705-SAR8,MED
PTN01862,C,7705-SAR8,SWT
PTN01942,C,7705-SARM,IDF
PTN02302,C,7705-SAR8,WST
PTN01737,C,7705-SARM,IDF
PTN01743,C,7705-SARM,IDF
PTN01834,C,7705-SAR8,IDF
PTN02353,C,7705-SAR8,MED
PTN02373,B,7750-SR7,WST
PTN01951,C,7705-SARM,IDF
PTN02119,C,7705-SARM,IDF
PTN01629,C,7705-SARM,MED
PTN02260,B,7705-SAR8,NOE
PTN00353,B,7750-SR7,SWT
PTN00094,B,7750-SR7,MED
PTN01707,C,7705-SARM,IDF
PTN00551,C,7705-SAR8,MED
PTN00719,C,7705-SAR8,MED
PTN00411,C,7705-SAR8,SWT
PTN02232,C,7705-SAR8,WST
PTN00253,A,7750-SR12,NOE
PTN00089,B,7750-SR7,IDF
PTN00603,B,7705-SAR18,SWT
PTN00845,C,7705-SAR8,NOE
PTN00721,C,7705-SAR8,MED
PTN00438,B,7705-SAR18,CTA
PTN01415,B,7705-SAR18,IDF
PTN02226,C,7705-SAR8,WST
PTN01568,C,7705-SARM,MED
PTN01071,C,7705-SAR8,MED
PTN01937,C,7705-SARM,IDF
PTN01932,C,7705-SAR8,MED
PTN00117,B,7750-SR7,CTA
PTN00101,B,7750-SR7,MED
PTN00920,B,7750-SR7,SWT
PTN00467,C,7705-SAR8,CTA
PTN01440,B,7705-SAR8,CTA
PTN01378,C,7705-SAR8,IDF
PTN01812,C,7705-SAR8,WST
PTN01811,C,7705-SARM,MED
PTN00664,C,7705-SAR8,CTA
PTN00507,B,7750-SR7,WST
PTN01390,C,7705-SAR8,IDF
PTN02206,C,7705-SAR8,SWT
PTN01986,C,7705-SAR8,WST
PTN00653,C,7705-SAR8,MED
PTN01428,B,7750-SR7,NOE
PTN01918,C,7705-SARM,IDF
PTN02162,C,7705-SARM,IDF
PTN02470,C,7705-SAR8,SWT
PTN01736,C,7705-SARM,IDF
PTN02348,C,7705-SAR8,WST
PTN01014,C,7705-SAR8,MED
PTN01968,C,7705-SARM,IDF
PTN02124,C,7705-SARM,IDF
PTN02238,C,7705-SAR8,WST
PTN02096,C,7705-SARM,IDF
PTN02259,C,7705-SAR8,WST
PTN01420,C,7705-SAR8,WST
PTN00777,C,7705-SAR8,MED
PTN00753,C,7705-SAR8,MED
PTN01856,C,7705-SAR8,CTA
PTN01523,C,7705-SARM,IDF
PTN00289,B,7705-SAR18,CTA
PTN01202,C,7705-SAR8,IDF
PTN02004,C,7705-SAR8,WST
PTN02313,C,7705-SAR8,WST
PTN01906,C,7705-SAR8,MED
PTN00216,A,7750-SR12,NOE
PTN00221,B,7750-SR7,NOE
PTN00035,B,7750-SR7,MED
PTN01076,C,7705-SAR8,WST
PTN01073,C,7705-SAR8,MED
PTN00895,B,7750-SR7,WST
PTN00864,C,7705-SAR8,SWT
PTN01450,C,7705-SAR8,IDF
PTN01880,C,7705-SAR8,WST
PTN01998,C,7705-SARM,MED
PTN00662,B,7750-SR7,SWT
PTN02457,C,7705-SAR8,MED
PTN01890,C,7705-SAR8,MED
PTN02071,C,7705-SAR8,CTA
PTN01994,C,7705-SAR8,IDF
PTN00582,C,7705-SAR8,IDF
PTN01609,C,7705-SARM,SWT
PTN01078,B,7750-SR7,MED
PTN00910,B,7750-SR7,CTA
PTN00688,B,7750-SR7,CTA
PTN00480,B,7750-SR7,WST
PTN01444,B,7750-SR7,CTA
PTN01355,C,7705-SAR8,IDF
PTN01327,C,7705-SAR8,IDF
PTN01879,C,7705-SAR8,WST
PTN01201,C,7705-SAR8,CTA
PTN01144,C,7705-SAR8,SWT
PTN02282,C,7705-SAR8,CTA
PTN01893,C,7705-SARM,IDF
PTN00080,B,7750-SR7,IDF
PTN00058,B,7750-SR7,IDF
PTN00029,B,7750-SR7,WST
PTN01606,C,7705-SARM,SWT
PTN01505,C,7705-SARM,MED
PTN01816,C,7705-SAR8,WST
PTN01043,C,7705-SAR8,NOE
PTN01001,C,7705-SAR8,CTA
PTN02378,C,7705-SAR8,WST
PTN00735,C,7705-SAR8,WST
PTN00506,C,7705-SAR8,MED
PTN01809,C,7705-SARM,MED
PTN00888,C,7705-SAR8,NOE
PTN01198,C,7705-SAR8,SWT
PTN01989,C,7705-SAR8,WST
PTN00105,B,7750-SR7,MED
PTN00034,B,7750-SR7,MED
PTN00453,C,7705-SAR8,NOE
PTN00702,C,7705-SAR8,CTA
PTN00672,C,7705-SAR8,MED
PTN00715,C,7705-SAR8,WST
PTN00474,C,7705-SAR8,IDF
PTN01857,C,7705-SAR8,CTA
PTN02454,B,7750-SR7,WST
PTN01598,C,7705-SARM,IDF
PTN01845,C,7705-SAR8,WST
PTN01053,B,7750-SR7,CTA
PTN02356,B,7750-SR7,IDF
PTN00607,B,7750-SR7,WST
PTN00044,B,7750-SR7,IDF
